ORDER_ID,DATE,EMAIL,AMOUNT
1,01/10/2016 0:49,pippo400@gmail.com,328.92
2,14/05/2016 19:01,pippo358@gmail.com,115.26
3,14/11/2016 6:45,pippo100@gmail.com,138.09
4,26/05/2016 0:09,pippo283@gmail.com,358.85
5,02/12/2016 15:56,pippo64@gmail.com,88.82
6,15/11/2016 6:20,pippo406@gmail.com,42.20
7,12/12/2016 10:42,pippo412@gmail.com,137.20
8,11/05/2016 9:02,pippo233@gmail.com,142.53
9,03/08/2016 8:51,pippo203@gmail.com,340.67
10,20/11/2016 15:50,pippo138@gmail.com,157.51
11,25/03/2016 0:23,pippo189@gmail.com,247.89
12,16/06/2016 7:48,pippo402@gmail.com,324.17
13,30/06/2016 9:46,pippo279@gmail.com,353.17
14,22/05/2016 19:10,pippo168@gmail.com,246.57
15,12/11/2016 12:11,pippo435@gmail.com,20.69
16,17/09/2016 11:53,pippo201@gmail.com,66.04
17,29/04/2016 21:54,pippo235@gmail.com,202.72
18,28/08/2016 7:36,pippo253@gmail.com,44.91
19,30/04/2016 18:21,pippo488@gmail.com,373.00
20,17/03/2016 9:41,pippo435@gmail.com,250.80
21,31/01/2016 9:10,pippo460@gmail.com,42.26
22,16/01/2016 4:22,pippo240@gmail.com,283.22
23,08/07/2016 11:31,pippo279@gmail.com,335.95
24,20/12/2016 15:35,pippo118@gmail.com,189.08
25,27/01/2016 3:44,pippo409@gmail.com,292.36
26,28/02/2016 17:30,pippo376@gmail.com,221.07
27,03/08/2016 9:52,pippo178@gmail.com,102.10
28,20/01/2016 14:09,pippo414@gmail.com,273.51
29,13/01/2016 23:27,pippo256@gmail.com,176.52
30,30/09/2016 2:49,pippo1@gmail.com,200.87
31,17/05/2016 20:32,pippo17@gmail.com,169.28
32,18/03/2016 1:45,pippo284@gmail.com,219.95
33,29/04/2016 11:06,pippo157@gmail.com,332.09
34,10/06/2016 6:01,pippo254@gmail.com,294.68
35,25/04/2016 3:42,pippo345@gmail.com,246.72
36,15/03/2016 17:49,pippo454@gmail.com,261.93
37,03/02/2016 11:40,pippo173@gmail.com,287.50
38,19/07/2016 19:28,pippo403@gmail.com,276.82
39,19/05/2016 11:05,pippo292@gmail.com,220.77
40,07/01/2016 6:13,pippo32@gmail.com,146.61
41,20/01/2016 18:45,pippo484@gmail.com,101.77
42,09/07/2016 4:14,pippo436@gmail.com,138.78
43,11/10/2016 11:59,pippo419@gmail.com,239.43
44,01/07/2016 19:28,pippo2@gmail.com,273.23
45,29/05/2016 13:26,pippo376@gmail.com,52.42
46,08/04/2016 19:58,pippo134@gmail.com,152.00
47,21/08/2016 20:21,pippo305@gmail.com,290.01
48,15/02/2016 17:10,pippo16@gmail.com,110.68
49,08/07/2016 9:00,pippo351@gmail.com,278.34
50,18/09/2016 9:47,pippo160@gmail.com,205.77
51,19/10/2016 21:56,pippo389@gmail.com,178.66
52,15/04/2016 14:05,pippo176@gmail.com,320.51
53,01/09/2016 7:14,pippo285@gmail.com,229.53
54,22/04/2016 17:35,pippo329@gmail.com,338.47
55,01/05/2016 1:20,pippo327@gmail.com,161.95
56,25/07/2016 13:20,pippo326@gmail.com,106.63
57,04/10/2016 2:07,pippo327@gmail.com,102.98
58,23/06/2016 18:25,pippo199@gmail.com,73.28
59,06/12/2016 10:35,pippo207@gmail.com,166.33
60,20/09/2016 3:26,pippo479@gmail.com,181.96
61,23/04/2016 21:25,pippo373@gmail.com,120.14
62,24/08/2016 3:08,pippo276@gmail.com,363.37
63,23/05/2016 14:32,pippo498@gmail.com,173.86
64,12/12/2016 4:13,pippo239@gmail.com,279.83
65,04/03/2016 17:10,pippo391@gmail.com,259.52
66,14/10/2016 18:57,pippo208@gmail.com,364.20
67,19/02/2016 2:58,pippo334@gmail.com,86.45
68,21/08/2016 22:44,pippo496@gmail.com,194.18
69,06/11/2016 14:51,pippo491@gmail.com,329.13
70,14/08/2016 21:24,pippo344@gmail.com,205.44
71,11/04/2016 7:55,pippo326@gmail.com,168.56
72,23/03/2016 23:54,pippo209@gmail.com,345.73
73,10/03/2016 8:33,pippo427@gmail.com,263.91
74,10/03/2016 19:02,pippo18@gmail.com,47.40
75,02/09/2016 1:50,pippo189@gmail.com,224.87
76,09/05/2016 13:15,pippo255@gmail.com,283.30
77,03/11/2016 1:24,pippo473@gmail.com,261.18
78,06/06/2016 15:36,pippo319@gmail.com,332.22
79,19/06/2016 4:16,pippo153@gmail.com,207.60
80,20/08/2016 15:14,pippo454@gmail.com,107.60
81,21/05/2016 1:54,pippo338@gmail.com,76.33
82,20/11/2016 8:26,pippo367@gmail.com,323.81
83,03/07/2016 1:34,pippo322@gmail.com,161.65
84,25/10/2016 9:11,pippo106@gmail.com,168.32
85,28/09/2016 18:58,pippo215@gmail.com,249.76
86,21/02/2016 16:03,pippo461@gmail.com,213.11
87,14/05/2016 4:23,pippo389@gmail.com,286.07
88,27/10/2016 15:11,pippo489@gmail.com,260.83
89,26/06/2016 5:36,pippo25@gmail.com,66.14
90,12/01/2016 13:15,pippo172@gmail.com,158.57
91,21/06/2016 8:51,pippo68@gmail.com,238.82
92,05/12/2016 0:23,pippo330@gmail.com,46.53
93,11/09/2016 9:09,pippo367@gmail.com,235.95
94,25/04/2016 23:28,pippo94@gmail.com,186.64
95,18/02/2016 12:16,pippo192@gmail.com,231.21
96,18/05/2016 13:43,pippo442@gmail.com,263.10
97,21/06/2016 7:46,pippo311@gmail.com,136.98
98,26/06/2016 21:18,pippo31@gmail.com,102.80
99,23/05/2016 1:08,pippo1@gmail.com,160.64
100,21/06/2016 10:35,pippo296@gmail.com,256.51
101,18/03/2016 23:20,pippo465@gmail.com,116.96
102,02/03/2016 2:51,pippo385@gmail.com,285.21
103,02/08/2016 21:50,pippo439@gmail.com,103.24
104,15/07/2016 7:14,pippo375@gmail.com,32.29
105,16/02/2016 14:12,pippo92@gmail.com,194.03
106,25/08/2016 22:16,pippo59@gmail.com,212.06
107,10/09/2016 23:43,pippo432@gmail.com,34.82
108,18/01/2016 23:17,pippo99@gmail.com,186.47
109,08/07/2016 9:16,pippo22@gmail.com,130.99
110,19/02/2016 14:07,pippo459@gmail.com,87.69
111,21/03/2016 5:06,pippo216@gmail.com,58.64
112,24/06/2016 19:43,pippo357@gmail.com,218.31
113,12/10/2016 14:48,pippo488@gmail.com,54.28
114,15/01/2016 12:25,pippo96@gmail.com,258.42
115,16/12/2016 12:30,pippo414@gmail.com,56.85
116,23/06/2016 2:38,pippo487@gmail.com,225.01
117,16/06/2016 21:44,pippo15@gmail.com,139.00
118,23/03/2016 7:58,pippo37@gmail.com,348.23
119,14/12/2016 21:24,pippo418@gmail.com,166.33
120,31/10/2016 14:38,pippo437@gmail.com,171.24
121,02/10/2016 8:13,pippo396@gmail.com,54.32
122,24/06/2016 5:10,pippo471@gmail.com,215.49
123,27/10/2016 3:57,pippo414@gmail.com,199.95
124,31/10/2016 16:26,pippo90@gmail.com,259.42
125,26/04/2016 7:06,pippo417@gmail.com,241.29
126,02/05/2016 9:28,pippo227@gmail.com,299.47
127,18/09/2016 1:32,pippo339@gmail.com,114.81
128,24/11/2016 22:16,pippo93@gmail.com,189.98
129,09/07/2016 4:08,pippo143@gmail.com,321.91
130,06/12/2016 15:37,pippo328@gmail.com,158.17
131,31/07/2016 23:37,pippo66@gmail.com,196.82
132,16/07/2016 14:44,pippo348@gmail.com,362.90
133,28/03/2016 12:00,pippo395@gmail.com,84.21
134,18/04/2016 18:03,pippo21@gmail.com,194.63
135,20/10/2016 21:10,pippo457@gmail.com,216.25
136,28/04/2016 6:47,pippo455@gmail.com,173.60
137,01/03/2016 4:29,pippo95@gmail.com,167.73
138,04/06/2016 0:03,pippo489@gmail.com,199.58
139,31/05/2016 11:51,pippo188@gmail.com,343.75
140,11/11/2016 5:44,pippo195@gmail.com,146.19
141,06/03/2016 10:38,pippo91@gmail.com,153.86
142,09/06/2016 0:23,pippo457@gmail.com,120.11
143,19/02/2016 16:01,pippo123@gmail.com,282.87
144,25/09/2016 13:22,pippo184@gmail.com,231.38
145,29/01/2016 15:55,pippo148@gmail.com,277.79
146,11/01/2016 18:59,pippo348@gmail.com,132.43
147,18/05/2016 4:59,pippo57@gmail.com,174.48
148,21/07/2016 7:59,pippo369@gmail.com,183.83
149,06/06/2016 21:45,pippo250@gmail.com,56.77
150,15/05/2016 13:41,pippo475@gmail.com,250.62
151,01/06/2016 9:12,pippo286@gmail.com,201.07
152,11/12/2016 21:48,pippo353@gmail.com,209.05
153,24/08/2016 23:29,pippo485@gmail.com,282.12
154,10/11/2016 11:01,pippo114@gmail.com,47.45
155,22/03/2016 6:46,pippo445@gmail.com,232.83
156,23/01/2016 1:43,pippo488@gmail.com,242.47
157,09/11/2016 11:47,pippo221@gmail.com,364.65
158,30/05/2016 2:00,pippo323@gmail.com,194.91
159,18/08/2016 8:39,pippo151@gmail.com,79.47
160,22/06/2016 23:02,pippo327@gmail.com,262.82
161,22/03/2016 22:34,pippo174@gmail.com,250.62
162,03/04/2016 5:48,pippo473@gmail.com,217.66
163,14/11/2016 12:12,pippo306@gmail.com,50.37
164,05/10/2016 9:27,pippo413@gmail.com,99.92
165,07/02/2016 7:48,pippo79@gmail.com,241.70
166,30/06/2016 2:13,pippo240@gmail.com,192.72
167,29/03/2016 13:54,pippo371@gmail.com,93.64
168,20/10/2016 23:11,pippo315@gmail.com,255.13
169,01/05/2016 10:36,pippo63@gmail.com,246.62
170,27/09/2016 3:40,pippo299@gmail.com,198.92
171,12/11/2016 8:40,pippo424@gmail.com,123.60
172,09/11/2016 12:04,pippo384@gmail.com,151.16
173,29/08/2016 5:01,pippo11@gmail.com,332.39
174,21/10/2016 8:42,pippo472@gmail.com,304.00
175,21/08/2016 23:20,pippo150@gmail.com,123.44
176,21/04/2016 5:03,pippo398@gmail.com,190.29
177,08/02/2016 2:36,pippo243@gmail.com,241.42
178,04/06/2016 0:11,pippo86@gmail.com,78.03
179,02/09/2016 12:33,pippo396@gmail.com,180.11
180,12/05/2016 2:07,pippo55@gmail.com,242.59
181,21/07/2016 9:41,pippo426@gmail.com,105.88
182,09/02/2016 21:57,pippo421@gmail.com,312.02
183,26/08/2016 4:24,pippo277@gmail.com,105.70
184,26/03/2016 7:31,pippo86@gmail.com,91.33
185,28/01/2016 22:01,pippo345@gmail.com,184.88
186,14/07/2016 18:25,pippo67@gmail.com,213.31
187,14/11/2016 11:49,pippo80@gmail.com,213.80
188,18/05/2016 6:37,pippo196@gmail.com,118.35
189,20/09/2016 6:38,pippo190@gmail.com,73.13
190,27/01/2016 20:15,pippo259@gmail.com,70.09
191,27/06/2016 20:00,pippo258@gmail.com,332.50
192,06/10/2016 18:10,pippo361@gmail.com,341.82
193,12/09/2016 1:21,pippo281@gmail.com,200.63
194,05/03/2016 5:32,pippo385@gmail.com,141.80
195,11/05/2016 1:19,pippo370@gmail.com,180.31
196,27/08/2016 6:30,pippo468@gmail.com,214.06
197,08/05/2016 14:04,pippo111@gmail.com,122.83
198,18/06/2016 4:11,pippo3@gmail.com,127.95
199,11/05/2016 6:00,pippo129@gmail.com,64.78
200,28/03/2016 14:33,pippo15@gmail.com,276.40
201,02/04/2016 9:53,pippo297@gmail.com,245.48
202,17/03/2016 18:53,pippo388@gmail.com,126.42
203,20/06/2016 4:36,pippo396@gmail.com,96.13
204,23/01/2016 16:54,pippo87@gmail.com,289.34
205,02/08/2016 1:15,pippo315@gmail.com,318.34
206,12/01/2016 6:56,pippo447@gmail.com,276.85
207,23/05/2016 3:33,pippo214@gmail.com,36.50
208,02/07/2016 14:50,pippo469@gmail.com,127.00
209,10/11/2016 5:49,pippo218@gmail.com,280.99
210,22/02/2016 15:07,pippo111@gmail.com,129.28
211,15/08/2016 4:10,pippo347@gmail.com,72.96
212,23/10/2016 23:43,pippo448@gmail.com,258.27
213,04/11/2016 17:44,pippo319@gmail.com,91.29
214,31/08/2016 13:42,pippo115@gmail.com,213.87
215,04/09/2016 13:57,pippo360@gmail.com,206.18
216,13/03/2016 20:27,pippo425@gmail.com,200.59
217,10/06/2016 13:37,pippo100@gmail.com,94.92
218,12/11/2016 22:25,pippo397@gmail.com,291.06
219,26/02/2016 0:49,pippo167@gmail.com,96.04
220,29/02/2016 7:49,pippo68@gmail.com,91.81
221,01/12/2016 11:37,pippo10@gmail.com,156.99
222,02/01/2016 16:18,pippo137@gmail.com,220.90
223,30/10/2016 4:49,pippo332@gmail.com,253.44
224,24/02/2016 16:29,pippo414@gmail.com,341.06
225,08/07/2016 1:29,pippo125@gmail.com,329.61
226,10/01/2016 10:02,pippo357@gmail.com,146.64
227,11/09/2016 19:42,pippo364@gmail.com,137.79
228,05/02/2016 21:29,pippo467@gmail.com,297.11
229,07/05/2016 16:31,pippo210@gmail.com,118.82
230,17/09/2016 11:01,pippo366@gmail.com,322.37
231,20/08/2016 17:48,pippo317@gmail.com,120.52
232,08/01/2016 17:47,pippo384@gmail.com,122.44
233,10/09/2016 9:47,pippo45@gmail.com,309.10
234,15/09/2016 5:07,pippo76@gmail.com,179.30
235,13/11/2016 17:58,pippo140@gmail.com,312.65
236,01/12/2016 0:58,pippo376@gmail.com,359.07
237,29/07/2016 22:33,pippo169@gmail.com,205.63
238,03/11/2016 21:15,pippo365@gmail.com,80.16
239,19/10/2016 10:57,pippo9@gmail.com,226.92
240,21/09/2016 21:50,pippo383@gmail.com,139.90
241,19/05/2016 9:44,pippo107@gmail.com,370.45
242,01/01/2016 15:52,pippo302@gmail.com,64.97
243,14/03/2016 14:55,pippo321@gmail.com,109.27
244,04/04/2016 6:59,pippo434@gmail.com,121.30
245,03/04/2016 17:26,pippo73@gmail.com,224.22
246,20/12/2016 22:22,pippo107@gmail.com,346.86
247,02/03/2016 6:54,pippo444@gmail.com,42.11
248,19/02/2016 2:06,pippo369@gmail.com,128.63
249,30/10/2016 15:26,pippo482@gmail.com,177.34
250,03/04/2016 1:08,pippo327@gmail.com,163.53
251,04/01/2016 20:39,pippo22@gmail.com,84.09
252,05/10/2016 2:59,pippo253@gmail.com,47.36
253,26/12/2016 11:45,pippo215@gmail.com,288.67
254,13/01/2016 14:29,pippo360@gmail.com,170.59
255,07/01/2016 18:08,pippo184@gmail.com,159.77
256,07/11/2016 19:43,pippo406@gmail.com,333.25
257,10/07/2016 0:27,pippo415@gmail.com,166.26
258,09/03/2016 23:09,pippo221@gmail.com,294.32
259,12/07/2016 6:31,pippo177@gmail.com,115.60
260,07/01/2016 21:20,pippo436@gmail.com,89.09
261,16/11/2016 7:38,pippo254@gmail.com,113.67
262,30/08/2016 19:52,pippo107@gmail.com,119.31
263,10/04/2016 4:42,pippo67@gmail.com,144.59
264,09/01/2016 7:56,pippo393@gmail.com,275.60
265,02/08/2016 17:02,pippo84@gmail.com,124.47
266,11/07/2016 4:59,pippo489@gmail.com,47.05
267,08/04/2016 2:07,pippo113@gmail.com,38.65
268,05/07/2016 19:31,pippo498@gmail.com,32.78
269,14/06/2016 19:22,pippo31@gmail.com,92.80
270,10/09/2016 21:59,pippo231@gmail.com,109.88
271,27/03/2016 2:09,pippo405@gmail.com,283.76
272,24/07/2016 19:20,pippo64@gmail.com,317.12
273,02/04/2016 14:32,pippo363@gmail.com,336.83
274,18/08/2016 9:51,pippo413@gmail.com,30.68
275,27/01/2016 19:16,pippo120@gmail.com,253.69
276,01/01/2016 5:45,pippo224@gmail.com,97.22
277,04/07/2016 23:50,pippo242@gmail.com,88.56
278,27/10/2016 13:05,pippo60@gmail.com,286.47
279,19/08/2016 2:21,pippo206@gmail.com,354.11
280,05/08/2016 7:39,pippo77@gmail.com,336.62
281,14/02/2016 16:21,pippo329@gmail.com,88.29
282,29/08/2016 21:52,pippo433@gmail.com,182.75
283,03/07/2016 22:52,pippo474@gmail.com,257.95
284,23/08/2016 18:23,pippo125@gmail.com,200.88
285,09/02/2016 23:41,pippo17@gmail.com,72.94
286,05/09/2016 14:50,pippo159@gmail.com,257.61
287,12/12/2016 20:20,pippo169@gmail.com,104.06
288,27/10/2016 2:21,pippo25@gmail.com,256.48
289,25/07/2016 4:48,pippo31@gmail.com,126.46
290,09/09/2016 7:28,pippo329@gmail.com,179.03
291,16/01/2016 18:22,pippo321@gmail.com,213.28
292,17/10/2016 23:05,pippo477@gmail.com,56.81
293,05/10/2016 3:22,pippo227@gmail.com,251.03
294,26/11/2016 22:28,pippo273@gmail.com,35.09
295,12/07/2016 13:37,pippo429@gmail.com,14.88
296,26/11/2016 8:38,pippo423@gmail.com,43.42
297,11/07/2016 3:07,pippo141@gmail.com,145.07
298,29/11/2016 15:21,pippo259@gmail.com,257.12
299,03/05/2016 10:38,pippo333@gmail.com,293.14
300,26/10/2016 17:50,pippo415@gmail.com,104.47
301,11/12/2016 10:56,pippo302@gmail.com,76.90
302,27/10/2016 8:53,pippo167@gmail.com,331.21
303,13/07/2016 10:48,pippo167@gmail.com,93.00
304,22/11/2016 23:21,pippo447@gmail.com,334.79
305,13/01/2016 23:13,pippo371@gmail.com,264.85
306,06/12/2016 23:02,pippo241@gmail.com,75.80
307,28/07/2016 15:49,pippo181@gmail.com,276.60
308,06/08/2016 21:36,pippo288@gmail.com,215.75
309,30/05/2016 18:50,pippo271@gmail.com,103.58
310,02/07/2016 7:57,pippo158@gmail.com,138.89
311,15/06/2016 9:42,pippo259@gmail.com,239.64
312,05/06/2016 9:25,pippo74@gmail.com,298.98
313,30/01/2016 11:38,pippo454@gmail.com,355.90
314,03/11/2016 4:54,pippo55@gmail.com,237.20
315,29/11/2016 7:55,pippo26@gmail.com,262.35
316,03/01/2016 14:37,pippo98@gmail.com,126.88
317,16/01/2016 18:58,pippo412@gmail.com,156.44
318,19/09/2016 23:56,pippo220@gmail.com,44.54
319,22/03/2016 23:41,pippo337@gmail.com,228.54
320,14/01/2016 21:54,pippo325@gmail.com,250.58
321,06/04/2016 19:19,pippo3@gmail.com,162.11
322,16/03/2016 9:50,pippo185@gmail.com,205.33
323,04/12/2016 0:38,pippo324@gmail.com,263.63
324,25/12/2016 23:27,pippo283@gmail.com,60.45
325,07/11/2016 14:15,pippo77@gmail.com,90.73
326,23/08/2016 21:46,pippo34@gmail.com,135.25
327,02/11/2016 12:11,pippo435@gmail.com,258.96
328,07/10/2016 17:58,pippo299@gmail.com,272.61
329,04/04/2016 9:03,pippo307@gmail.com,270.28
330,17/08/2016 14:02,pippo198@gmail.com,236.20
331,17/01/2016 2:51,pippo146@gmail.com,143.65
332,26/03/2016 23:05,pippo247@gmail.com,296.94
333,30/12/2016 10:20,pippo249@gmail.com,264.32
334,17/10/2016 23:41,pippo465@gmail.com,190.96
335,25/06/2016 13:25,pippo257@gmail.com,249.96
336,12/05/2016 14:36,pippo326@gmail.com,119.50
337,27/05/2016 23:53,pippo494@gmail.com,110.26
338,12/04/2016 18:31,pippo457@gmail.com,105.35
339,28/08/2016 1:46,pippo425@gmail.com,153.99
340,19/05/2016 15:42,pippo452@gmail.com,62.20
341,25/02/2016 4:31,pippo53@gmail.com,300.96
342,17/01/2016 19:41,pippo358@gmail.com,200.47
343,25/10/2016 0:45,pippo471@gmail.com,84.01
344,31/08/2016 3:11,pippo433@gmail.com,260.10
345,15/09/2016 21:34,pippo185@gmail.com,115.50
346,01/06/2016 23:20,pippo495@gmail.com,75.87
347,22/07/2016 20:30,pippo218@gmail.com,206.16
348,02/08/2016 1:29,pippo324@gmail.com,127.20
349,02/07/2016 20:00,pippo283@gmail.com,298.78
350,19/02/2016 11:22,pippo238@gmail.com,121.98
351,29/06/2016 3:35,pippo150@gmail.com,144.30
352,31/10/2016 9:38,pippo119@gmail.com,229.69
353,30/04/2016 13:49,pippo173@gmail.com,205.56
354,04/08/2016 6:12,pippo409@gmail.com,364.84
355,05/12/2016 9:26,pippo65@gmail.com,66.95
356,11/10/2016 10:14,pippo460@gmail.com,250.44
357,15/07/2016 3:33,pippo347@gmail.com,84.80
358,21/04/2016 14:56,pippo205@gmail.com,44.90
359,17/11/2016 16:14,pippo434@gmail.com,275.77
360,10/05/2016 13:53,pippo491@gmail.com,267.29
361,27/04/2016 13:57,pippo288@gmail.com,48.49
362,26/07/2016 6:39,pippo63@gmail.com,132.83
363,13/11/2016 22:02,pippo163@gmail.com,217.65
364,29/03/2016 18:33,pippo106@gmail.com,349.63
365,25/09/2016 19:29,pippo293@gmail.com,251.85
366,22/11/2016 17:03,pippo177@gmail.com,297.33
367,18/04/2016 5:40,pippo313@gmail.com,190.21
368,08/10/2016 15:08,pippo235@gmail.com,72.84
369,14/11/2016 6:13,pippo244@gmail.com,188.80
370,24/02/2016 5:18,pippo26@gmail.com,356.71
371,16/04/2016 9:17,pippo161@gmail.com,262.99
372,16/04/2016 11:16,pippo25@gmail.com,152.82
373,20/11/2016 8:16,pippo75@gmail.com,177.38
374,27/04/2016 10:39,pippo118@gmail.com,253.51
375,03/09/2016 21:01,pippo279@gmail.com,156.27
376,16/02/2016 12:39,pippo410@gmail.com,74.99
377,10/07/2016 20:19,pippo165@gmail.com,129.41
378,10/06/2016 12:23,pippo138@gmail.com,59.82
379,03/09/2016 6:05,pippo211@gmail.com,199.71
380,03/06/2016 23:21,pippo386@gmail.com,310.80
381,16/02/2016 7:43,pippo41@gmail.com,314.08
382,09/12/2016 0:14,pippo425@gmail.com,150.37
383,01/11/2016 6:53,pippo442@gmail.com,43.67
384,25/01/2016 2:02,pippo347@gmail.com,281.42
385,31/05/2016 15:35,pippo23@gmail.com,228.67
386,29/05/2016 4:57,pippo10@gmail.com,343.05
387,23/11/2016 21:59,pippo414@gmail.com,372.16
388,12/06/2016 16:18,pippo38@gmail.com,229.37
389,21/11/2016 5:26,pippo478@gmail.com,229.68
390,16/01/2016 3:18,pippo114@gmail.com,148.18
391,12/11/2016 12:47,pippo129@gmail.com,171.54
392,24/10/2016 19:11,pippo147@gmail.com,242.61
393,29/02/2016 23:24,pippo244@gmail.com,239.43
394,14/01/2016 17:48,pippo178@gmail.com,362.92
395,05/05/2016 22:54,pippo181@gmail.com,71.91
396,30/11/2016 11:21,pippo288@gmail.com,303.31
397,20/02/2016 5:16,pippo441@gmail.com,241.27
398,21/04/2016 4:58,pippo402@gmail.com,162.51
399,06/06/2016 6:57,pippo22@gmail.com,179.41
400,09/01/2016 11:49,pippo12@gmail.com,159.58
401,15/12/2016 13:18,pippo182@gmail.com,140.04
402,05/04/2016 8:06,pippo198@gmail.com,308.27
403,02/10/2016 16:14,pippo439@gmail.com,154.40
404,18/09/2016 22:25,pippo226@gmail.com,203.13
405,19/07/2016 9:44,pippo187@gmail.com,333.59
406,17/01/2016 3:06,pippo345@gmail.com,287.96
407,08/02/2016 16:43,pippo465@gmail.com,82.91
408,18/05/2016 12:48,pippo339@gmail.com,63.58
409,05/08/2016 7:24,pippo462@gmail.com,249.63
410,11/01/2016 6:17,pippo383@gmail.com,101.61
411,29/11/2016 16:58,pippo318@gmail.com,91.13
412,02/11/2016 3:55,pippo201@gmail.com,346.66
413,08/02/2016 22:05,pippo434@gmail.com,119.50
414,10/05/2016 12:42,pippo375@gmail.com,193.68
415,19/11/2016 1:56,pippo263@gmail.com,134.68
416,11/11/2016 4:54,pippo133@gmail.com,94.83
417,03/12/2016 3:51,pippo497@gmail.com,22.70
418,05/01/2016 2:31,pippo486@gmail.com,305.77
419,22/12/2016 6:46,pippo379@gmail.com,74.90
420,30/07/2016 20:16,pippo67@gmail.com,181.28
421,08/04/2016 11:57,pippo67@gmail.com,159.46
422,05/01/2016 23:10,pippo5@gmail.com,167.50
423,20/01/2016 12:54,pippo393@gmail.com,137.98
424,30/01/2016 22:07,pippo288@gmail.com,309.12
425,17/03/2016 20:47,pippo192@gmail.com,273.81
426,03/03/2016 6:25,pippo278@gmail.com,100.99
427,15/11/2016 1:31,pippo9@gmail.com,83.31
428,13/09/2016 10:11,pippo397@gmail.com,183.10
429,06/11/2016 4:54,pippo390@gmail.com,256.24
430,12/02/2016 10:51,pippo326@gmail.com,159.10
431,04/02/2016 15:22,pippo92@gmail.com,305.41
432,13/10/2016 12:40,pippo48@gmail.com,74.27
433,17/05/2016 15:36,pippo194@gmail.com,36.76
434,26/07/2016 3:31,pippo99@gmail.com,264.89
435,24/05/2016 19:29,pippo123@gmail.com,221.55
436,12/02/2016 3:09,pippo317@gmail.com,260.50
437,25/11/2016 5:02,pippo313@gmail.com,101.64
438,23/02/2016 17:09,pippo35@gmail.com,347.53
439,17/11/2016 7:45,pippo333@gmail.com,170.79
440,21/06/2016 8:51,pippo368@gmail.com,84.54
441,11/07/2016 6:54,pippo197@gmail.com,360.75
442,07/11/2016 22:08,pippo92@gmail.com,77.01
443,22/04/2016 7:36,pippo9@gmail.com,165.69
444,12/06/2016 0:27,pippo109@gmail.com,161.47
445,03/06/2016 19:26,pippo376@gmail.com,149.42
446,02/05/2016 2:15,pippo352@gmail.com,214.95
447,08/07/2016 13:02,pippo91@gmail.com,246.96
448,08/08/2016 5:18,pippo426@gmail.com,106.63
449,18/08/2016 14:21,pippo254@gmail.com,94.04
450,07/09/2016 23:42,pippo366@gmail.com,240.75
451,06/10/2016 16:14,pippo160@gmail.com,111.31
452,08/03/2016 21:57,pippo214@gmail.com,301.95
453,16/03/2016 18:12,pippo61@gmail.com,99.85
454,27/02/2016 18:20,pippo9@gmail.com,252.24
455,14/02/2016 8:24,pippo422@gmail.com,105.88
456,20/08/2016 2:20,pippo126@gmail.com,185.95
457,08/06/2016 21:10,pippo172@gmail.com,73.00
458,06/01/2016 11:35,pippo94@gmail.com,44.78
459,26/03/2016 22:28,pippo206@gmail.com,309.16
460,03/05/2016 22:17,pippo421@gmail.com,50.41
461,12/11/2016 18:58,pippo399@gmail.com,267.25
462,13/07/2016 11:01,pippo486@gmail.com,345.68
463,27/10/2016 4:00,pippo43@gmail.com,320.96
464,09/07/2016 12:48,pippo198@gmail.com,302.07
465,24/08/2016 17:31,pippo391@gmail.com,220.94
466,04/10/2016 19:35,pippo403@gmail.com,273.79
467,05/01/2016 1:02,pippo264@gmail.com,177.45
468,14/11/2016 3:35,pippo117@gmail.com,97.09
469,11/05/2016 2:34,pippo356@gmail.com,182.88
470,09/11/2016 19:12,pippo26@gmail.com,108.32
471,24/08/2016 22:45,pippo168@gmail.com,44.35
472,25/06/2016 22:10,pippo498@gmail.com,319.08
473,16/09/2016 19:44,pippo366@gmail.com,388.83
474,04/01/2016 19:31,pippo262@gmail.com,272.50
475,03/02/2016 5:01,pippo88@gmail.com,281.24
476,02/05/2016 1:41,pippo326@gmail.com,44.79
477,18/02/2016 10:48,pippo493@gmail.com,95.02
478,09/05/2016 8:54,pippo28@gmail.com,126.53
479,29/07/2016 8:36,pippo451@gmail.com,321.95
480,02/09/2016 1:48,pippo26@gmail.com,203.41
481,05/02/2016 9:27,pippo456@gmail.com,47.97
482,09/08/2016 12:59,pippo452@gmail.com,81.74
483,17/10/2016 6:43,pippo138@gmail.com,306.64
484,14/07/2016 18:13,pippo278@gmail.com,118.95
485,11/04/2016 11:29,pippo202@gmail.com,301.45
486,21/12/2016 8:12,pippo88@gmail.com,48.05
487,03/08/2016 11:14,pippo485@gmail.com,232.52
488,02/08/2016 9:16,pippo473@gmail.com,56.86
489,20/05/2016 9:18,pippo488@gmail.com,264.83
490,11/10/2016 15:04,pippo295@gmail.com,127.54
491,29/09/2016 21:36,pippo89@gmail.com,289.51
492,21/11/2016 16:21,pippo369@gmail.com,310.30
493,07/01/2016 23:42,pippo263@gmail.com,163.08
494,22/07/2016 11:49,pippo131@gmail.com,255.12
495,15/04/2016 13:32,pippo287@gmail.com,100.95
496,28/05/2016 2:01,pippo181@gmail.com,231.30
497,30/07/2016 2:00,pippo264@gmail.com,299.60
498,26/01/2016 10:05,pippo275@gmail.com,268.53
499,25/12/2016 22:06,pippo397@gmail.com,210.78
500,28/02/2016 0:44,pippo255@gmail.com,341.55
501,28/06/2016 22:01,pippo288@gmail.com,140.75
502,18/04/2016 21:21,pippo316@gmail.com,75.76
503,15/01/2016 7:54,pippo1@gmail.com,281.11
504,07/08/2016 23:41,pippo288@gmail.com,95.05
505,21/09/2016 14:12,pippo363@gmail.com,106.49
506,22/08/2016 8:45,pippo225@gmail.com,339.29
507,21/01/2016 5:40,pippo142@gmail.com,38.46
508,29/04/2016 3:49,pippo421@gmail.com,248.09
509,29/12/2016 21:06,pippo250@gmail.com,284.65
510,21/10/2016 16:23,pippo190@gmail.com,247.79
511,05/05/2016 8:58,pippo478@gmail.com,300.70
512,10/11/2016 16:47,pippo68@gmail.com,288.24
513,27/10/2016 14:14,pippo443@gmail.com,152.66
514,16/06/2016 17:29,pippo480@gmail.com,88.71
515,08/01/2016 11:55,pippo54@gmail.com,302.54
516,21/11/2016 2:13,pippo351@gmail.com,138.28
517,26/08/2016 16:53,pippo422@gmail.com,83.81
518,27/07/2016 6:29,pippo94@gmail.com,293.98
519,04/01/2016 13:05,pippo76@gmail.com,375.83
520,23/05/2016 20:51,pippo346@gmail.com,158.31
521,01/05/2016 0:03,pippo333@gmail.com,104.08
522,16/05/2016 23:33,pippo122@gmail.com,306.87
523,29/04/2016 14:32,pippo103@gmail.com,346.98
524,06/09/2016 18:55,pippo96@gmail.com,106.85
525,29/03/2016 14:09,pippo395@gmail.com,276.71
526,28/09/2016 1:21,pippo43@gmail.com,320.81
527,11/05/2016 10:38,pippo110@gmail.com,138.57
528,04/12/2016 5:37,pippo145@gmail.com,321.45
529,01/05/2016 14:22,pippo95@gmail.com,187.08
530,05/09/2016 5:01,pippo419@gmail.com,128.48
531,06/12/2016 6:35,pippo35@gmail.com,325.08
532,10/04/2016 4:50,pippo205@gmail.com,352.50
533,02/05/2016 10:12,pippo24@gmail.com,185.03
534,09/08/2016 5:12,pippo14@gmail.com,95.46
535,01/09/2016 7:54,pippo436@gmail.com,166.42
536,16/10/2016 20:21,pippo486@gmail.com,168.30
537,16/03/2016 1:59,pippo408@gmail.com,264.93
538,04/07/2016 3:28,pippo43@gmail.com,247.42
539,26/08/2016 22:33,pippo486@gmail.com,95.34
540,05/05/2016 8:31,pippo385@gmail.com,92.00
541,20/06/2016 11:21,pippo455@gmail.com,312.18
542,15/11/2016 2:55,pippo432@gmail.com,308.30
543,09/09/2016 17:05,pippo263@gmail.com,321.33
544,23/08/2016 1:38,pippo265@gmail.com,95.61
545,02/12/2016 11:01,pippo253@gmail.com,126.57
546,14/12/2016 21:41,pippo151@gmail.com,252.94
547,28/12/2016 13:10,pippo119@gmail.com,74.55
548,08/01/2016 21:09,pippo125@gmail.com,87.27
549,23/09/2016 5:45,pippo28@gmail.com,55.89
550,26/09/2016 14:42,pippo409@gmail.com,218.00
551,16/07/2016 10:07,pippo36@gmail.com,221.77
552,29/10/2016 1:08,pippo226@gmail.com,121.08
553,08/07/2016 16:19,pippo216@gmail.com,148.82
554,09/04/2016 12:33,pippo2@gmail.com,273.94
555,15/08/2016 20:43,pippo271@gmail.com,105.97
556,03/04/2016 13:03,pippo53@gmail.com,128.79
557,29/03/2016 8:39,pippo146@gmail.com,300.15
558,19/03/2016 6:58,pippo83@gmail.com,100.61
559,11/10/2016 18:31,pippo119@gmail.com,37.97
560,24/06/2016 3:21,pippo165@gmail.com,127.60
561,14/08/2016 20:35,pippo482@gmail.com,280.24
562,19/07/2016 13:10,pippo368@gmail.com,60.52
563,13/02/2016 13:41,pippo122@gmail.com,359.22
564,14/02/2016 0:21,pippo247@gmail.com,79.67
565,30/09/2016 16:56,pippo343@gmail.com,30.55
566,24/08/2016 12:49,pippo156@gmail.com,88.11
567,03/10/2016 16:10,pippo361@gmail.com,274.12
568,01/01/2016 4:47,pippo407@gmail.com,368.98
569,14/12/2016 3:00,pippo462@gmail.com,79.92
570,30/10/2016 19:49,pippo310@gmail.com,322.60
571,09/11/2016 17:38,pippo328@gmail.com,196.97
572,23/01/2016 11:34,pippo255@gmail.com,290.47
573,21/01/2016 14:13,pippo251@gmail.com,229.57
574,17/08/2016 23:03,pippo194@gmail.com,309.22
575,29/01/2016 18:33,pippo171@gmail.com,304.36
576,27/12/2016 11:04,pippo307@gmail.com,76.67
577,07/09/2016 10:23,pippo114@gmail.com,280.06
578,20/07/2016 17:18,pippo238@gmail.com,136.67
579,05/10/2016 1:14,pippo319@gmail.com,92.95
580,26/08/2016 21:35,pippo298@gmail.com,163.36
581,15/02/2016 21:14,pippo292@gmail.com,213.27
582,24/10/2016 4:50,pippo123@gmail.com,244.87
583,14/08/2016 10:15,pippo480@gmail.com,32.52
584,18/03/2016 21:45,pippo227@gmail.com,180.94
585,16/12/2016 7:26,pippo404@gmail.com,119.40
586,14/04/2016 0:22,pippo124@gmail.com,139.61
587,18/02/2016 19:41,pippo464@gmail.com,353.68
588,21/11/2016 21:04,pippo453@gmail.com,300.11
589,18/12/2016 23:12,pippo80@gmail.com,181.37
590,12/03/2016 14:37,pippo288@gmail.com,121.59
591,05/07/2016 21:50,pippo405@gmail.com,93.12
592,09/03/2016 1:22,pippo410@gmail.com,239.38
593,10/05/2016 0:46,pippo146@gmail.com,91.80
594,02/03/2016 13:38,pippo489@gmail.com,162.85
595,12/01/2016 18:29,pippo93@gmail.com,236.02
596,07/07/2016 6:17,pippo114@gmail.com,157.39
597,03/04/2016 9:25,pippo169@gmail.com,202.76
598,19/06/2016 22:14,pippo456@gmail.com,180.07
599,27/03/2016 13:03,pippo449@gmail.com,154.95
600,17/11/2016 21:56,pippo144@gmail.com,351.30
601,13/10/2016 9:46,pippo293@gmail.com,69.35
602,07/05/2016 5:31,pippo462@gmail.com,176.60
603,07/06/2016 7:35,pippo165@gmail.com,174.63
604,30/11/2016 16:33,pippo391@gmail.com,98.98
605,07/08/2016 5:15,pippo24@gmail.com,213.52
606,31/01/2016 13:50,pippo327@gmail.com,215.92
607,12/09/2016 12:23,pippo133@gmail.com,67.96
608,12/02/2016 2:50,pippo323@gmail.com,312.85
609,18/01/2016 0:09,pippo68@gmail.com,46.25
610,23/07/2016 21:45,pippo467@gmail.com,168.24
611,29/03/2016 21:28,pippo138@gmail.com,352.14
612,14/06/2016 14:49,pippo267@gmail.com,111.66
613,24/01/2016 13:23,pippo232@gmail.com,278.14
614,24/05/2016 9:54,pippo471@gmail.com,80.95
615,18/06/2016 0:16,pippo442@gmail.com,281.05
616,15/11/2016 12:11,pippo93@gmail.com,304.04
617,25/11/2016 12:46,pippo130@gmail.com,65.72
618,09/03/2016 12:24,pippo88@gmail.com,171.57
619,07/07/2016 4:27,pippo259@gmail.com,209.53
620,12/10/2016 13:29,pippo44@gmail.com,210.87
621,08/05/2016 12:15,pippo338@gmail.com,137.58
622,28/07/2016 6:34,pippo117@gmail.com,91.47
623,05/09/2016 18:42,pippo174@gmail.com,122.11
624,25/12/2016 16:21,pippo72@gmail.com,241.87
625,16/01/2016 16:16,pippo254@gmail.com,101.34
626,12/11/2016 9:53,pippo269@gmail.com,222.82
627,10/03/2016 6:34,pippo372@gmail.com,130.56
628,11/08/2016 21:25,pippo393@gmail.com,309.55
629,11/01/2016 12:21,pippo126@gmail.com,42.77
630,28/01/2016 0:53,pippo18@gmail.com,219.26
631,27/03/2016 16:14,pippo484@gmail.com,96.01
632,12/10/2016 4:28,pippo1@gmail.com,295.95
633,18/05/2016 15:31,pippo100@gmail.com,178.20
634,27/07/2016 11:56,pippo364@gmail.com,198.73
635,17/02/2016 9:29,pippo277@gmail.com,245.04
636,29/01/2016 0:12,pippo294@gmail.com,248.52
637,23/03/2016 17:43,pippo396@gmail.com,334.25
638,24/10/2016 13:35,pippo400@gmail.com,159.15
639,12/12/2016 0:14,pippo132@gmail.com,323.70
640,17/03/2016 12:17,pippo172@gmail.com,144.66
641,13/07/2016 6:32,pippo201@gmail.com,170.93
642,16/10/2016 1:54,pippo280@gmail.com,257.94
643,11/10/2016 1:13,pippo433@gmail.com,98.01
644,30/03/2016 2:07,pippo67@gmail.com,222.26
645,19/11/2016 12:52,pippo443@gmail.com,343.18
646,28/12/2016 0:48,pippo76@gmail.com,166.07
647,08/03/2016 13:15,pippo496@gmail.com,219.75
648,16/06/2016 21:32,pippo95@gmail.com,72.31
649,30/01/2016 0:34,pippo85@gmail.com,104.30
650,13/10/2016 15:29,pippo250@gmail.com,264.21
651,19/10/2016 23:16,pippo127@gmail.com,348.29
652,14/12/2016 1:29,pippo398@gmail.com,121.07
653,19/06/2016 4:29,pippo398@gmail.com,256.75
654,12/09/2016 16:59,pippo162@gmail.com,217.31
655,18/09/2016 5:47,pippo338@gmail.com,186.51
656,15/10/2016 8:54,pippo424@gmail.com,27.91
657,20/06/2016 17:26,pippo221@gmail.com,200.27
658,13/08/2016 3:08,pippo156@gmail.com,275.43
659,06/03/2016 9:18,pippo28@gmail.com,326.02
660,29/05/2016 18:12,pippo174@gmail.com,235.56
661,10/08/2016 0:22,pippo56@gmail.com,62.33
662,02/04/2016 14:42,pippo291@gmail.com,106.66
663,23/09/2016 4:33,pippo300@gmail.com,115.59
664,27/08/2016 2:02,pippo458@gmail.com,337.08
665,29/04/2016 17:25,pippo365@gmail.com,114.09
666,25/02/2016 2:26,pippo141@gmail.com,303.85
667,30/08/2016 1:08,pippo136@gmail.com,142.81
668,28/10/2016 21:18,pippo321@gmail.com,49.45
669,27/11/2016 5:47,pippo116@gmail.com,61.17
670,01/04/2016 0:55,pippo243@gmail.com,144.70
671,04/06/2016 10:26,pippo55@gmail.com,323.42
672,27/11/2016 7:03,pippo439@gmail.com,282.75
673,22/10/2016 18:11,pippo106@gmail.com,135.52
674,04/04/2016 17:20,pippo446@gmail.com,103.53
675,11/02/2016 21:07,pippo368@gmail.com,44.02
676,06/11/2016 4:26,pippo313@gmail.com,314.86
677,19/12/2016 4:13,pippo42@gmail.com,260.03
678,04/04/2016 0:21,pippo434@gmail.com,302.72
679,05/09/2016 11:40,pippo347@gmail.com,305.34
680,03/07/2016 18:35,pippo175@gmail.com,237.78
681,23/05/2016 23:01,pippo357@gmail.com,261.67
682,30/06/2016 3:14,pippo221@gmail.com,227.32
683,14/09/2016 5:35,pippo175@gmail.com,65.60
684,17/01/2016 8:33,pippo494@gmail.com,210.78
685,29/07/2016 10:47,pippo240@gmail.com,265.46
686,14/03/2016 2:09,pippo106@gmail.com,59.72
687,15/06/2016 12:22,pippo19@gmail.com,258.78
688,14/11/2016 22:49,pippo496@gmail.com,279.62
689,14/09/2016 12:14,pippo363@gmail.com,268.19
690,04/04/2016 4:39,pippo143@gmail.com,34.89
691,22/05/2016 8:54,pippo78@gmail.com,378.08
692,07/12/2016 7:37,pippo222@gmail.com,237.42
693,07/10/2016 1:28,pippo303@gmail.com,307.40
694,19/04/2016 19:06,pippo317@gmail.com,166.72
695,31/03/2016 11:30,pippo308@gmail.com,116.54
696,13/06/2016 20:21,pippo460@gmail.com,210.18
697,24/07/2016 9:15,pippo379@gmail.com,204.02
698,02/03/2016 4:24,pippo370@gmail.com,274.70
699,01/02/2016 4:31,pippo197@gmail.com,223.21
700,16/06/2016 16:56,pippo147@gmail.com,209.33
701,26/06/2016 18:48,pippo461@gmail.com,42.73
702,04/04/2016 6:34,pippo377@gmail.com,46.16
703,16/10/2016 3:36,pippo378@gmail.com,55.60
704,14/08/2016 0:26,pippo472@gmail.com,229.75
705,18/10/2016 1:57,pippo257@gmail.com,266.12
706,24/12/2016 1:57,pippo153@gmail.com,92.86
707,24/01/2016 16:12,pippo230@gmail.com,231.07
708,25/06/2016 13:31,pippo190@gmail.com,20.01
709,02/06/2016 17:22,pippo217@gmail.com,67.39
710,17/01/2016 3:59,pippo291@gmail.com,108.85
711,17/07/2016 6:33,pippo62@gmail.com,344.93
712,03/06/2016 21:12,pippo253@gmail.com,59.14
713,23/10/2016 3:31,pippo288@gmail.com,252.48
714,10/08/2016 1:52,pippo265@gmail.com,202.49
715,25/10/2016 21:02,pippo165@gmail.com,220.88
716,13/08/2016 22:30,pippo83@gmail.com,258.37
717,30/05/2016 4:37,pippo440@gmail.com,189.09
718,27/07/2016 21:20,pippo267@gmail.com,53.04
719,16/04/2016 2:25,pippo190@gmail.com,66.00
720,02/10/2016 1:25,pippo383@gmail.com,28.24
721,03/10/2016 2:06,pippo235@gmail.com,280.50
722,30/12/2016 14:41,pippo187@gmail.com,61.16
723,20/03/2016 22:31,pippo457@gmail.com,163.84
724,03/06/2016 0:20,pippo183@gmail.com,321.59
725,27/07/2016 15:11,pippo219@gmail.com,186.63
726,16/07/2016 2:45,pippo268@gmail.com,236.19
727,21/09/2016 22:18,pippo164@gmail.com,113.30
728,14/04/2016 16:28,pippo47@gmail.com,197.01
729,09/05/2016 7:33,pippo7@gmail.com,304.10
730,15/01/2016 20:41,pippo175@gmail.com,97.07
731,24/05/2016 3:29,pippo348@gmail.com,261.54
732,16/04/2016 18:11,pippo197@gmail.com,156.14
733,26/08/2016 16:45,pippo381@gmail.com,64.83
734,05/01/2016 1:53,pippo172@gmail.com,250.03
735,01/02/2016 6:11,pippo377@gmail.com,213.85
736,24/10/2016 0:06,pippo315@gmail.com,242.33
737,08/03/2016 15:32,pippo177@gmail.com,143.61
738,18/04/2016 20:58,pippo392@gmail.com,290.12
739,24/03/2016 19:08,pippo374@gmail.com,187.76
740,30/10/2016 11:19,pippo385@gmail.com,72.11
741,13/05/2016 18:41,pippo274@gmail.com,199.30
742,24/12/2016 13:00,pippo220@gmail.com,255.04
743,22/06/2016 12:21,pippo255@gmail.com,159.93
744,13/07/2016 8:20,pippo305@gmail.com,338.08
745,26/01/2016 13:07,pippo266@gmail.com,265.88
746,15/12/2016 2:01,pippo259@gmail.com,158.03
747,17/01/2016 2:00,pippo355@gmail.com,131.85
748,24/08/2016 2:34,pippo354@gmail.com,346.20
749,30/09/2016 13:48,pippo204@gmail.com,162.82
750,22/11/2016 23:35,pippo33@gmail.com,250.01
751,04/10/2016 21:27,pippo87@gmail.com,284.32
752,20/11/2016 0:17,pippo354@gmail.com,151.53
753,26/05/2016 20:03,pippo26@gmail.com,166.97
754,20/09/2016 21:54,pippo258@gmail.com,40.82
755,04/07/2016 6:05,pippo448@gmail.com,241.73
756,10/09/2016 22:37,pippo376@gmail.com,277.40
757,19/04/2016 20:28,pippo68@gmail.com,50.68
758,11/08/2016 21:23,pippo287@gmail.com,73.86
759,14/02/2016 13:42,pippo195@gmail.com,280.69
760,09/04/2016 19:39,pippo386@gmail.com,76.98
761,12/10/2016 9:51,pippo172@gmail.com,56.92
762,12/12/2016 23:44,pippo75@gmail.com,85.39
763,27/05/2016 16:55,pippo15@gmail.com,291.40
764,14/02/2016 3:59,pippo382@gmail.com,112.61
765,30/04/2016 8:25,pippo349@gmail.com,198.64
766,26/11/2016 14:53,pippo32@gmail.com,334.64
767,17/04/2016 11:00,pippo297@gmail.com,191.68
768,28/06/2016 0:02,pippo150@gmail.com,75.07
769,06/11/2016 21:50,pippo384@gmail.com,140.27
770,12/11/2016 3:09,pippo122@gmail.com,84.81
771,08/07/2016 16:19,pippo405@gmail.com,304.35
772,01/07/2016 20:45,pippo90@gmail.com,19.56
773,25/08/2016 20:24,pippo342@gmail.com,342.86
774,16/02/2016 2:25,pippo180@gmail.com,363.49
775,19/04/2016 18:31,pippo106@gmail.com,152.09
776,10/08/2016 23:12,pippo234@gmail.com,321.16
777,09/07/2016 15:15,pippo94@gmail.com,228.57
778,01/01/2016 5:19,pippo5@gmail.com,191.63
779,14/05/2016 1:36,pippo4@gmail.com,106.70
780,27/07/2016 9:14,pippo413@gmail.com,215.70
781,12/11/2016 16:19,pippo47@gmail.com,226.41
782,23/01/2016 17:56,pippo119@gmail.com,98.20
783,16/10/2016 17:47,pippo278@gmail.com,171.70
784,10/10/2016 17:14,pippo221@gmail.com,74.30
785,05/09/2016 19:01,pippo317@gmail.com,224.09
786,24/10/2016 6:37,pippo446@gmail.com,152.53
787,17/01/2016 13:55,pippo207@gmail.com,251.10
788,26/04/2016 11:20,pippo221@gmail.com,230.76
789,13/12/2016 7:19,pippo191@gmail.com,362.08
790,05/04/2016 8:25,pippo257@gmail.com,317.06
791,25/01/2016 8:29,pippo189@gmail.com,268.26
792,26/12/2016 10:49,pippo325@gmail.com,135.40
793,23/11/2016 6:35,pippo98@gmail.com,354.12
794,10/06/2016 10:11,pippo452@gmail.com,307.28
795,20/07/2016 7:17,pippo491@gmail.com,201.56
796,26/04/2016 22:40,pippo454@gmail.com,248.27
797,14/02/2016 10:46,pippo76@gmail.com,287.22
798,18/08/2016 8:02,pippo413@gmail.com,195.68
799,22/03/2016 11:54,pippo162@gmail.com,76.95
800,22/03/2016 7:21,pippo231@gmail.com,72.18
801,01/05/2016 2:24,pippo459@gmail.com,222.92
802,19/03/2016 10:22,pippo206@gmail.com,49.92
803,30/03/2016 20:15,pippo292@gmail.com,311.88
804,13/02/2016 20:31,pippo176@gmail.com,112.67
805,13/09/2016 3:53,pippo453@gmail.com,24.10
806,19/07/2016 10:47,pippo409@gmail.com,198.76
807,01/02/2016 11:51,pippo46@gmail.com,154.75
808,21/12/2016 20:47,pippo483@gmail.com,160.16
809,17/04/2016 19:30,pippo417@gmail.com,228.36
810,14/11/2016 10:57,pippo165@gmail.com,242.39
811,27/09/2016 20:58,pippo200@gmail.com,179.42
812,30/10/2016 11:59,pippo117@gmail.com,206.55
813,11/11/2016 9:25,pippo106@gmail.com,107.40
814,19/05/2016 17:23,pippo474@gmail.com,314.92
815,27/03/2016 16:08,pippo313@gmail.com,203.73
816,15/03/2016 9:06,pippo49@gmail.com,57.04
817,10/01/2016 19:56,pippo348@gmail.com,158.38
818,05/02/2016 11:10,pippo436@gmail.com,219.93
819,24/10/2016 8:25,pippo205@gmail.com,247.85
820,24/11/2016 21:27,pippo185@gmail.com,58.41
821,14/03/2016 8:39,pippo367@gmail.com,123.60
822,17/04/2016 11:59,pippo314@gmail.com,344.47
823,21/09/2016 3:12,pippo347@gmail.com,299.93
824,07/10/2016 4:43,pippo39@gmail.com,239.35
825,03/11/2016 12:08,pippo294@gmail.com,134.25
826,11/11/2016 18:05,pippo368@gmail.com,331.41
827,14/02/2016 4:56,pippo151@gmail.com,254.81
828,23/10/2016 23:40,pippo201@gmail.com,227.47
829,21/05/2016 7:42,pippo335@gmail.com,39.35
830,22/02/2016 20:06,pippo82@gmail.com,46.67
831,02/08/2016 16:15,pippo362@gmail.com,351.87
832,12/10/2016 9:29,pippo187@gmail.com,121.00
833,29/01/2016 23:21,pippo195@gmail.com,174.35
834,01/09/2016 19:33,pippo265@gmail.com,85.95
835,02/08/2016 4:30,pippo285@gmail.com,175.77
836,20/10/2016 8:16,pippo76@gmail.com,337.94
837,26/02/2016 6:01,pippo424@gmail.com,218.11
838,07/05/2016 22:06,pippo64@gmail.com,17.67
839,24/08/2016 21:04,pippo427@gmail.com,308.74
840,24/01/2016 23:27,pippo99@gmail.com,70.35
841,09/09/2016 19:15,pippo382@gmail.com,321.96
842,17/07/2016 20:51,pippo204@gmail.com,101.31
843,21/09/2016 17:33,pippo246@gmail.com,272.39
844,10/06/2016 18:57,pippo54@gmail.com,148.28
845,27/05/2016 11:18,pippo238@gmail.com,56.60
846,19/12/2016 6:01,pippo263@gmail.com,239.46
847,25/07/2016 4:43,pippo86@gmail.com,119.21
848,29/03/2016 3:25,pippo208@gmail.com,177.35
849,08/07/2016 12:01,pippo196@gmail.com,130.56
850,19/12/2016 4:46,pippo92@gmail.com,174.32
851,10/07/2016 16:44,pippo170@gmail.com,51.65
852,04/09/2016 16:53,pippo6@gmail.com,39.04
853,24/10/2016 5:15,pippo228@gmail.com,183.72
854,29/01/2016 6:04,pippo74@gmail.com,296.15
855,21/08/2016 13:26,pippo197@gmail.com,158.52
856,28/03/2016 21:32,pippo403@gmail.com,251.90
857,23/04/2016 1:31,pippo86@gmail.com,88.61
858,04/06/2016 22:23,pippo200@gmail.com,159.04
859,29/07/2016 9:54,pippo185@gmail.com,263.19
860,24/09/2016 19:39,pippo368@gmail.com,287.89
861,22/12/2016 9:15,pippo313@gmail.com,351.64
862,30/10/2016 21:11,pippo256@gmail.com,241.83
863,15/11/2016 9:48,pippo157@gmail.com,61.47
864,19/11/2016 17:45,pippo432@gmail.com,79.10
865,01/11/2016 7:14,pippo410@gmail.com,296.19
866,27/09/2016 1:20,pippo453@gmail.com,237.14
867,18/09/2016 6:16,pippo68@gmail.com,100.25
868,07/12/2016 4:35,pippo168@gmail.com,89.82
869,07/02/2016 4:28,pippo435@gmail.com,348.03
870,07/02/2016 2:56,pippo87@gmail.com,353.91
871,14/08/2016 1:52,pippo91@gmail.com,133.13
872,15/11/2016 21:05,pippo9@gmail.com,189.89
873,28/03/2016 22:29,pippo259@gmail.com,68.18
874,04/12/2016 5:07,pippo395@gmail.com,151.65
875,18/06/2016 19:18,pippo485@gmail.com,75.70
876,16/04/2016 19:50,pippo472@gmail.com,149.62
877,15/05/2016 13:46,pippo464@gmail.com,216.92
878,12/05/2016 15:38,pippo190@gmail.com,277.36
879,12/12/2016 8:19,pippo242@gmail.com,61.19
880,05/09/2016 9:18,pippo28@gmail.com,252.05
881,05/04/2016 20:53,pippo127@gmail.com,137.96
882,12/03/2016 3:25,pippo291@gmail.com,279.35
883,07/05/2016 2:32,pippo480@gmail.com,157.73
884,21/02/2016 6:36,pippo191@gmail.com,112.77
885,16/02/2016 22:49,pippo223@gmail.com,298.32
886,06/07/2016 12:49,pippo158@gmail.com,100.34
887,03/12/2016 10:19,pippo477@gmail.com,317.32
888,31/07/2016 6:58,pippo7@gmail.com,214.19
889,04/07/2016 8:55,pippo344@gmail.com,176.32
890,30/03/2016 5:01,pippo85@gmail.com,153.36
891,12/06/2016 17:11,pippo347@gmail.com,102.03
892,27/04/2016 4:17,pippo209@gmail.com,73.63
893,27/09/2016 18:00,pippo368@gmail.com,72.29
894,02/03/2016 15:03,pippo11@gmail.com,299.34
895,01/02/2016 2:59,pippo306@gmail.com,164.71
896,18/11/2016 22:14,pippo349@gmail.com,65.05
897,06/11/2016 11:36,pippo178@gmail.com,260.67
898,08/10/2016 21:03,pippo270@gmail.com,193.03
899,10/01/2016 17:37,pippo30@gmail.com,166.47
900,23/01/2016 3:58,pippo250@gmail.com,41.57
901,13/07/2016 12:36,pippo466@gmail.com,110.84
902,10/04/2016 16:09,pippo30@gmail.com,54.73
903,23/11/2016 21:11,pippo96@gmail.com,83.72
904,15/09/2016 16:01,pippo468@gmail.com,195.23
905,23/03/2016 13:34,pippo90@gmail.com,158.09
906,21/02/2016 3:56,pippo390@gmail.com,301.70
907,22/12/2016 14:19,pippo124@gmail.com,99.59
908,14/05/2016 20:02,pippo62@gmail.com,359.97
909,07/11/2016 21:11,pippo445@gmail.com,341.79
910,13/04/2016 4:53,pippo122@gmail.com,226.11
911,22/03/2016 11:47,pippo11@gmail.com,118.84
912,17/05/2016 23:58,pippo266@gmail.com,68.02
913,01/08/2016 17:01,pippo226@gmail.com,325.47
914,25/07/2016 22:52,pippo461@gmail.com,139.40
915,21/10/2016 2:47,pippo258@gmail.com,258.24
916,12/10/2016 9:05,pippo485@gmail.com,127.21
917,31/08/2016 21:31,pippo166@gmail.com,112.84
918,06/09/2016 11:43,pippo260@gmail.com,261.92
919,19/06/2016 7:08,pippo221@gmail.com,166.49
920,28/12/2016 11:37,pippo17@gmail.com,231.33
921,25/11/2016 15:51,pippo311@gmail.com,227.83
922,06/08/2016 2:08,pippo353@gmail.com,334.01
923,15/05/2016 7:59,pippo95@gmail.com,77.04
924,05/02/2016 17:02,pippo404@gmail.com,133.43
925,25/12/2016 15:51,pippo376@gmail.com,325.56
926,12/07/2016 5:10,pippo132@gmail.com,311.01
927,05/03/2016 15:16,pippo38@gmail.com,198.36
928,06/07/2016 21:48,pippo224@gmail.com,261.18
929,08/12/2016 0:55,pippo47@gmail.com,216.08
930,21/03/2016 9:46,pippo2@gmail.com,316.34
931,26/12/2016 12:34,pippo14@gmail.com,139.63
932,04/02/2016 19:26,pippo276@gmail.com,124.31
933,29/08/2016 20:01,pippo487@gmail.com,116.90
934,25/02/2016 12:28,pippo490@gmail.com,75.49
935,10/04/2016 6:50,pippo123@gmail.com,261.27
936,26/08/2016 7:32,pippo322@gmail.com,138.80
937,06/05/2016 6:33,pippo103@gmail.com,173.80
938,30/07/2016 12:30,pippo48@gmail.com,184.14
939,06/01/2016 9:47,pippo51@gmail.com,136.84
940,28/06/2016 2:49,pippo474@gmail.com,308.45
941,23/02/2016 8:53,pippo147@gmail.com,228.77
942,23/05/2016 6:28,pippo172@gmail.com,199.85
943,10/06/2016 18:16,pippo276@gmail.com,157.73
944,15/08/2016 14:32,pippo161@gmail.com,273.03
945,24/07/2016 14:36,pippo128@gmail.com,302.62
946,08/12/2016 22:02,pippo412@gmail.com,99.40
947,02/08/2016 0:15,pippo454@gmail.com,230.70
948,14/01/2016 10:32,pippo135@gmail.com,279.44
949,25/11/2016 10:23,pippo471@gmail.com,153.13
950,10/03/2016 15:53,pippo393@gmail.com,267.47
951,26/04/2016 11:37,pippo36@gmail.com,102.65
952,07/08/2016 13:42,pippo85@gmail.com,260.73
953,28/06/2016 19:24,pippo8@gmail.com,65.55
954,19/03/2016 20:46,pippo284@gmail.com,167.22
955,27/09/2016 13:48,pippo41@gmail.com,234.86
956,18/06/2016 17:21,pippo126@gmail.com,194.51
957,18/08/2016 10:46,pippo485@gmail.com,272.60
958,13/09/2016 16:02,pippo404@gmail.com,355.17
959,22/03/2016 18:05,pippo127@gmail.com,174.07
960,30/05/2016 17:41,pippo391@gmail.com,192.39
961,28/11/2016 18:40,pippo289@gmail.com,119.82
962,20/07/2016 16:16,pippo244@gmail.com,286.92
963,31/08/2016 8:57,pippo122@gmail.com,85.18
964,16/12/2016 4:23,pippo452@gmail.com,49.94
965,21/06/2016 19:01,pippo71@gmail.com,268.05
966,11/10/2016 1:47,pippo458@gmail.com,210.98
967,11/11/2016 2:52,pippo182@gmail.com,124.03
968,15/11/2016 22:12,pippo148@gmail.com,77.22
969,25/10/2016 0:59,pippo221@gmail.com,240.38
970,15/10/2016 14:05,pippo245@gmail.com,270.85
971,27/05/2016 1:30,pippo245@gmail.com,209.23
972,24/04/2016 14:17,pippo301@gmail.com,158.13
973,09/03/2016 14:51,pippo363@gmail.com,269.18
974,31/10/2016 8:34,pippo297@gmail.com,283.06
975,10/07/2016 20:57,pippo251@gmail.com,168.74
976,07/10/2016 5:35,pippo459@gmail.com,151.76
977,06/12/2016 6:56,pippo93@gmail.com,246.98
978,14/01/2016 12:30,pippo262@gmail.com,126.52
979,15/12/2016 7:33,pippo481@gmail.com,135.13
980,08/04/2016 17:28,pippo421@gmail.com,49.95
981,27/10/2016 0:01,pippo262@gmail.com,344.12
982,13/10/2016 17:42,pippo250@gmail.com,131.74
983,20/03/2016 21:08,pippo221@gmail.com,320.91
984,23/11/2016 23:41,pippo256@gmail.com,84.11
985,31/10/2016 9:04,pippo188@gmail.com,109.82
986,20/09/2016 15:00,pippo397@gmail.com,138.50
987,04/09/2016 23:33,pippo198@gmail.com,173.20
988,12/11/2016 11:24,pippo29@gmail.com,100.30
989,09/09/2016 20:33,pippo50@gmail.com,56.41
990,06/11/2016 8:36,pippo487@gmail.com,256.95
991,25/02/2016 9:26,pippo317@gmail.com,313.82
992,09/10/2016 1:58,pippo396@gmail.com,234.61
993,17/12/2016 0:19,pippo57@gmail.com,321.55
994,03/07/2016 10:50,pippo221@gmail.com,330.83
995,26/08/2016 5:47,pippo246@gmail.com,248.29
996,27/06/2016 9:20,pippo487@gmail.com,130.05
997,05/02/2016 8:51,pippo84@gmail.com,176.34
998,23/08/2016 6:09,pippo168@gmail.com,169.67
999,28/11/2016 21:39,pippo493@gmail.com,231.39
1000,14/12/2016 15:57,pippo288@gmail.com,64.28